{"env": "setTrackingBM-vKf", "map": "test", "nb_agents": 1, "nb_targets": 1, "seed": 0, "mode": "train", "steps_per_epoch": 25000, "epochs": 20, "batch_size": 256, "alpha": 0.4, "gamma": 0.99, "polyak": 0.999, "hiddens": 128, "learning_rate": 0.001, "learning_rate_period": 0.7, "grad_clip": 0.2, "start_steps": 10000, "update_after": 10000, "num_eval_episodes": 2, "replay_size": 1000000, "max_ep_len": 200, "checkpoint_freq": 1, "record": 0, "render": 0, "nb_test_eps": 1, "log_dir": "./results/maTT", "log_fname": "model.pt", "repeat": 1, "eval_type": "fixed_nb", "torch_threads": 1, "amp": 0, "dql": "wall"}